{"mdsDat": {"x": [0.06996223033971719, -0.06996223033971719], "y": [0.0, 0.0], "topics": [1, 2], "cluster": [1, 1], "Freq": [71.60419634246466, 28.395803657535335]}, "tinfo": {"Term": ["let", "stitch", "routine", "pants", "years", "school", "teeth", "bed", "morning", "changed", "get", "okay", "ready", "mean", "fact", "getting", "day", "showing", "coffee", "kid", "shocking", "part", "want", "older", "entire", "ending", "actually", "sephora", "viral", "old", "like", "doop", "put", "brush", "cut", "hair", "one", "dance", "look", "tear", "poke", "done", "bow", "today", "tiger", "mascara", "take", "back", "looks", "cute", "use", "really", "always", "love", "water", "half", "going", "whole", "vibrant", "curved", "good", "little", "ready", "get", "okay", "makeup", "curl", "much", "stitch", "routine", "pants", "years", "school", "teeth", "bed", "mean", "fact", "getting", "day", "showing", "coffee", "kid", "shocking", "part", "want", "older", "entire", "ending", "actually", "sephora", "viral", "old", "crazy", "might", "make", "shirts", "bathroom", "hey", "let", "morning", "changed", "get", "ready", "okay", "little", "going", "first", "eyelashes", "video"], "Freq": [4.0, 2.0, 1.0, 1.0, 1.0, 1.0, 1.0, 1.0, 2.0, 2.0, 7.0, 3.0, 5.0, 1.0, 1.0, 1.0, 1.0, 1.0, 1.0, 1.0, 1.0, 1.0, 1.0, 1.0, 1.0, 1.0, 1.0, 1.0, 1.0, 1.0, 4.766491338293165, 4.766187098004833, 4.033132321582775, 11.409230382085077, 3.299709084339823, 3.2995924828142242, 2.5664498067805606, 2.5664490892327105, 2.5664352764366014, 2.566350426403358, 2.5663312319983747, 2.5663215451024017, 2.566313472689091, 1.8331650562726283, 1.8331639799508537, 1.8331533961200686, 1.8331474763503073, 1.8331420947414334, 1.8331289994931739, 1.8331132134404775, 1.8331098050881907, 1.833106037961979, 1.833094736583344, 1.8330782329827977, 1.833064240799726, 1.832997150075766, 6.250126638595679, 1.0998660445011808, 1.099861470133638, 1.0998602144249008, 2.5744773733506365, 3.309861668867198, 4.0407806641142106, 4.778423082714216, 1.8370855583371872, 1.8356323445543004, 1.8355885741354603, 1.8355817574308868, 1.8133143399250125, 1.2952206666970203, 1.29519448761676, 1.2951772720259367, 1.2951574954381313, 1.295141702623409, 1.295137718850326, 0.7770939139246773, 0.7770860175173162, 0.7770803264129118, 0.7770789036368108, 0.7770713629234749, 0.7770684462324676, 0.7770673080115867, 0.7770664543459261, 0.7770621148788177, 0.7770613323519622, 0.7770601229922762, 0.7770522977237202, 0.7770510172252292, 0.7770493098939079, 0.7770491676162977, 0.7770487407834674, 0.7770485273670522, 0.7770436899283085, 0.7770349398552867, 0.7770209966494959, 0.776999157036344, 0.7769953866796762, 0.7769923277110588, 2.8513107461935467, 1.2961592720909165, 1.2955481897554937, 2.3244489306872995, 1.8091424758413641, 1.293201605131948, 1.289085656149073, 1.284589825947204, 0.77710380221858, 0.7770808955233522, 0.7770634665161138], "Total": [4.0, 2.0, 1.0, 1.0, 1.0, 1.0, 1.0, 1.0, 2.0, 2.0, 7.0, 3.0, 5.0, 1.0, 1.0, 1.0, 1.0, 1.0, 1.0, 1.0, 1.0, 1.0, 1.0, 1.0, 1.0, 1.0, 1.0, 1.0, 1.0, 1.0, 5.026376527940034, 5.0262875536757985, 4.292935648249726, 12.15806305406434, 3.5594756500292624, 3.559441213823502, 2.8260634951779364, 2.826063417879332, 2.8260592799607105, 2.8260342043084146, 2.826028686338703, 2.826025864337418, 2.8260234830285116, 2.0926442567590477, 2.092643856255921, 2.0926407064302643, 2.0926390016347023, 2.092637372597795, 2.092633667671803, 2.0926290681962016, 2.0926280963479877, 2.092626872434057, 2.092623591955692, 2.0926186128415645, 2.0926145800912006, 2.09259490338081, 7.534716464542884, 1.359220965495169, 1.3592196990820613, 1.359219297038985, 3.3466609312563893, 4.598947325016271, 5.849923139955575, 7.102872013401516, 3.130287163469135, 2.611610304044079, 2.611597194450218, 2.611595428600803, 2.180836182185808, 1.6625206521319937, 1.6625313594958893, 1.6625384956852198, 1.6625467483102987, 1.6625532891724029, 1.662554956088637, 1.1442186607206977, 1.1442217069180467, 1.1442241779204343, 1.1442246835541796, 1.1442278612118506, 1.1442290928443504, 1.1442295691061317, 1.144229948725838, 1.1442316411453421, 1.1442320246337427, 1.144232452180089, 1.1442358161733166, 1.1442363295444502, 1.1442370663604924, 1.144237125893215, 1.1442372820680127, 1.1442373601554114, 1.1442392273043898, 1.1442429222018884, 1.1442488012554495, 1.1442578161998407, 1.144259382605306, 1.1442605616536767, 4.683645599603912, 2.395584024664446, 2.395837946262004, 7.102872013401516, 5.849923139955575, 3.130287163469135, 4.598947325016271, 7.534716464542884, 1.877667931084173, 1.8776772243487065, 1.8776845507422877], "Category": ["Default", "Default", "Default", "Default", "Default", "Default", "Default", "Default", "Default", "Default", "Default", "Default", "Default", "Default", "Default", "Default", "Default", "Default", "Default", "Default", "Default", "Default", "Default", "Default", "Default", "Default", "Default", "Default", "Default", "Default", "Topic1", "Topic1", "Topic1", "Topic1", "Topic1", "Topic1", "Topic1", "Topic1", "Topic1", "Topic1", "Topic1", "Topic1", "Topic1", "Topic1", "Topic1", "Topic1", "Topic1", "Topic1", "Topic1", "Topic1", "Topic1", "Topic1", "Topic1", "Topic1", "Topic1", "Topic1", "Topic1", "Topic1", "Topic1", "Topic1", "Topic1", "Topic1", "Topic1", "Topic1", "Topic1", "Topic1", "Topic1", "Topic1", "Topic2", "Topic2", "Topic2", "Topic2", "Topic2", "Topic2", "Topic2", "Topic2", "Topic2", "Topic2", "Topic2", "Topic2", "Topic2", "Topic2", "Topic2", "Topic2", "Topic2", "Topic2", "Topic2", "Topic2", "Topic2", "Topic2", "Topic2", "Topic2", "Topic2", "Topic2", "Topic2", "Topic2", "Topic2", "Topic2", "Topic2", "Topic2", "Topic2", "Topic2", "Topic2", "Topic2", "Topic2", "Topic2", "Topic2", "Topic2", "Topic2"], "logprob": [30.0, 29.0, 28.0, 27.0, 26.0, 25.0, 24.0, 23.0, 22.0, 21.0, 20.0, 19.0, 18.0, 17.0, 16.0, 15.0, 14.0, 13.0, 12.0, 11.0, 10.0, 9.0, 8.0, 7.0, 6.0, 5.0, 4.0, 3.0, 2.0, 1.0, -3.6991, -3.6991, -3.8662, -2.8263, -4.0669, -4.0669, -4.3182, -4.3182, -4.3182, -4.3182, -4.3182, -4.3182, -4.3182, -4.6547, -4.6547, -4.6547, -4.6547, -4.6547, -4.6547, -4.6547, -4.6547, -4.6547, -4.6547, -4.6547, -4.6547, -4.6547, -3.4281, -5.1655, -5.1655, -5.1655, -4.315, -4.0638, -3.8643, -3.6966, -4.6525, -4.6533, -4.6533, -4.6533, -3.7406, -4.0771, -4.0771, -4.0771, -4.0772, -4.0772, -4.0772, -4.588, -4.588, -4.588, -4.588, -4.588, -4.588, -4.588, -4.588, -4.588, -4.588, -4.588, -4.588, -4.588, -4.588, -4.588, -4.588, -4.588, -4.588, -4.5881, -4.5881, -4.5881, -4.5881, -4.5881, -3.288, -4.0764, -4.0768, -3.4923, -3.7429, -4.0787, -4.0818, -4.0853, -4.588, -4.588, -4.588], "loglift": [30.0, 29.0, 28.0, 27.0, 26.0, 25.0, 24.0, 23.0, 22.0, 21.0, 20.0, 19.0, 18.0, 17.0, 16.0, 15.0, 14.0, 13.0, 12.0, 11.0, 10.0, 9.0, 8.0, 7.0, 6.0, 5.0, 4.0, 3.0, 2.0, 1.0, 0.2809, 0.2809, 0.2716, 0.2704, 0.2582, 0.2582, 0.2377, 0.2377, 0.2377, 0.2376, 0.2376, 0.2376, 0.2376, 0.2016, 0.2016, 0.2016, 0.2016, 0.2016, 0.2016, 0.2016, 0.2016, 0.2016, 0.2016, 0.2016, 0.2016, 0.2016, 0.1471, 0.1223, 0.1223, 0.1223, 0.0717, 0.0051, -0.036, -0.0624, -0.1989, -0.0186, -0.0186, -0.0186, 1.0744, 1.0093, 1.0092, 1.0092, 1.0092, 1.0092, 1.0092, 0.872, 0.872, 0.872, 0.872, 0.872, 0.872, 0.872, 0.872, 0.872, 0.872, 0.872, 0.8719, 0.8719, 0.8719, 0.8719, 0.8719, 0.8719, 0.8719, 0.8719, 0.8719, 0.8719, 0.8719, 0.8718, 0.7626, 0.6447, 0.6441, 0.1419, 0.0854, 0.3749, -0.013, -0.5102, 0.3767, 0.3767, 0.3767]}, "token.table": {"Topic": [2, 1, 1, 2, 2, 1, 1, 2, 1, 2, 2, 2, 1, 2, 1, 1, 1, 1, 2, 1, 1, 2, 2, 1, 2, 2, 1, 2, 1, 2, 2, 1, 2, 1, 2, 1, 1, 2, 2, 1, 2, 1, 1, 2, 1, 1, 1, 2, 1, 2, 1, 2, 2, 1, 2, 1, 2, 1, 2, 2, 2, 1, 2, 2, 1, 1, 1, 2, 1, 2, 2, 2, 2, 2, 2, 2, 1, 1, 2, 1, 1, 1, 1, 1, 2, 2, 2, 1, 1, 2],