{"mdsDat": {"x": [0.06996223033971719, -0.06996223033971719], "y": [0.0, 0.0], "topics": [1, 2], "cluster": [1, 1], "Freq": [71.60404588899777, 28.395954111002236]}, "tinfo": {"Term": ["let", "stitch", "routine", "pants", "years", "school", "teeth", "bed", "morning", "changed", "get", "okay", "ready", "mean", "fact", "getting", "day", "showing", "coffee", "kid", "shocking", "part", "want", "older", "entire", "ending", "actually", "sephora", "viral", "old", "like", "doop", "put", "brush", "cut", "hair", "one", "dance", "look", "tear", "poke", "done", "bow", "today", "tiger", "mascara", "take", "back", "looks", "cute", "use", "really", "always", "love", "water", "half", "going", "whole", "vibrant", "curved", "good", "little", "ready", "get", "okay", "makeup", "curl", "much", "stitch", "routine", "pants", "years", "school", "teeth", "bed", "mean", "fact", "getting", "day", "showing", "coffee", "kid", "shocking", "part", "want", "older", "entire", "ending", "actually", "sephora", "viral", "old", "crazy", "might", "make", "shirts", "bathroom", "hey", "let", "morning", "changed", "get", "ready", "okay", "little", "going", "first", "eyelashes", "video"], "Freq": [4.0, 2.0, 1.0, 1.0, 1.0, 1.0, 1.0, 1.0, 2.0, 2.0, 7.0, 3.0, 5.0, 1.0, 1.0, 1.0, 1.0, 1.0, 1.0, 1.0, 1.0, 1.0, 1.0, 1.0, 1.0, 1.0, 1.0, 1.0, 1.0, 1.0, 4.766481409234404, 4.7661771695798345, 4.033123920181205, 11.409206615563576, 3.2997022107292224, 3.299585609446516, 2.5664444606193846, 2.5664437430730294, 2.5664299303056937, 2.5663450804492007, 2.5663258860842015, 2.566316199208407, 2.5663081268119123, 1.8331612376139401, 1.8331601612944073, 1.8331495774856694, 1.8331436577282396, 1.8331382761305763, 1.8331251809095954, 1.8331093948897828, 1.833105986544596, 1.8331022194262316, 1.8330909180711386, 1.8330744145049707, 1.8330604223510458, 1.8329933317668423, 6.250113618982247, 1.0998637533746876, 1.0998591790166736, 1.099857923310552, 2.5744720104672694, 3.3098547741077895, 4.04077224678041, 4.778413128800487, 1.837081731511717, 1.835628520756014, 1.8355847504283516, 1.835577933737978, 1.8133239804589798, 1.2952275527721797, 1.2952013735527377, 1.295184157870387, 1.2951643811774392, 1.295148588278754, 1.295144604484491, 0.7770980453651606, 0.7770901489158181, 0.7770844577811568, 0.7770830349974914, 0.7770754942440652, 0.7770725775375513, 0.7770714393106191, 0.7770705856404199, 0.7770662461502406, 0.7770654636192247, 0.7770642542531091, 0.7770564289429498, 0.777055148437651, 0.7770534410972526, 0.7770532988188861, 0.7770528719837865, 0.7770526585662367, 0.7770478211017746, 0.7770390709822328, 0.7770251277023126, 0.7770032879730497, 0.7769995175963367, 0.7769964586114562, 2.851325905263044, 1.2961661631561965, 1.295555077571938, 2.3244612886819276, 1.8091520941955048, 1.2932084804727126, 1.2890925096072854, 1.2845966555032153, 0.7771079337116347, 0.7770850268946229, 0.7770675977947226], "Total": [4.0, 2.0, 1.0, 1.0, 1.0, 1.0, 1.0, 1.0, 2.0, 2.0, 7.0, 3.0, 5.0, 1.0, 1.0, 1.0, 1.0, 1.0, 1.0, 1.0, 1.0, 1.0, 1.0, 1.0, 1.0, 1.0, 1.0, 1.0, 1.0, 1.0, 5.026367980567803, 5.026279008081797, 4.292928628099459, 12.158043268731678, 3.559470157474524, 3.5594357219484904, 2.826059529259847, 2.8260594519661413, 2.82605531412773, 2.8260302389699765, 2.8260247211129603, 2.8260218991683512, 2.8260195179065177, 2.0926418176284374, 2.0926414171311456, 2.092638267367059, 2.0926365626062378, 2.092634933600492, 2.0926312287517024, 2.0926266293684583, 2.092625657540298, 2.0926244336477358, 2.092621153235556, 2.0926161742170772, 2.0926121415488095, 2.092592465230253, 7.534710274485462, 1.3592200532360186, 1.3592187868500265, 1.3592183848141042, 3.3466596737074665, 4.598947283715075, 5.849924340975915, 7.102874417482415, 3.1302902119844296, 2.6116106057532744, 2.6115974964135997, 2.6115957306052384, 2.1808450571365174, 1.6625267730860442, 1.66253748023392, 1.6625446162809963, 1.662552868742545, 1.662559409474163, 1.6625610763574465, 1.1442220274051111, 1.144225073537684, 1.1442275444928123, 1.1442280501149762, 1.1442312277102298, 1.1442324593185813, 1.144232935570948, 1.1442333151835467, 1.1442350075674153, 1.1442353910492264, 1.1442358185857333, 1.1442391825140492, 1.1442396958746381, 1.1442404326765119, 1.1442404922080578, 1.1442406483793717, 1.1442407264650287, 1.1442425935743223, 1.144246288399377, 1.144252167337517, 1.1442611821015243, 1.1442627484758272, 1.1442639274991067, 4.683656941744113, 2.3955886255224863, 2.395842542069323, 7.102874417482415, 5.849924340975915, 3.1302902119844296, 4.598947283715075, 7.534710274485462, 1.8776697699965577, 1.877679063072232, 1.8776863893215832], "Category": ["Default", "Default", "Default", "Default", "Default", "Default", "Default", "Default", "Default", "Default", "Default", "Default", "Default", "Default", "Default", "Default", "Default", "Default", "Default", "Default", "Default", "Default", "Default", "Default", "Default", "Default", "Default", "Default", "Default", "Default", "Topic1", "Topic1", "Topic1", "Topic1", "Topic1", "Topic1", "Topic1", "Topic1", "Topic1", "Topic1", "Topic1", "Topic1", "Topic1", "Topic1", "Topic1", "Topic1", "Topic1", "Topic1", "Topic1", "Topic1", "Topic1", "Topic1", "Topic1", "Topic1", "Topic1", "Topic1", "Topic1", "Topic1", "Topic1", "Topic1", "Topic1", "Topic1", "Topic1", "Topic1", "Topic1", "Topic1", "Topic1", "Topic1", "Topic2", "Topic2", "Topic2", "Topic2", "Topic2", "Topic2", "Topic2", "Topic2", "Topic2", "Topic2", "Topic2", "Topic2", "Topic2", "Topic2", "Topic2", "Topic2", "Topic2", "Topic2", "Topic2", "Topic2", "Topic2", "Topic2", "Topic2", "Topic2", "Topic2", "Topic2", "Topic2", "Topic2", "Topic2", "Topic2", "Topic2", "Topic2", "Topic2", "Topic2", "Topic2", "Topic2", "Topic2", "Topic2", "Topic2", "Topic2", "Topic2"], "logprob": [30.0, 29.0, 28.0, 27.0, 26.0, 25.0, 24.0, 23.0, 22.0, 21.0, 20.0, 19.0, 18.0, 17.0, 16.0, 15.0, 14.0, 13.0, 12.0, 11.0, 10.0, 9.0, 8.0, 7.0, 6.0, 5.0, 4.0, 3.0, 2.0, 1.0, -3.6991, -3.6991, -3.8662, -2.8263, -4.0669, -4.0669, -4.3182, -4.3182, -4.3182, -4.3182, -4.3182, -4.3182, -4.3182, -4.6547, -4.6547, -4.6547, -4.6547, -4.6547, -4.6547, -4.6547, -4.6547, -4.6547, -4.6547, -4.6547, -4.6547, -4.6547, -3.4281, -5.1655, -5.1655, -5.1655, -4.315, -4.0638, -3.8643, -3.6966, -4.6525, -4.6533, -4.6533, -4.6533, -3.7406, -4.0771, -4.0771, -4.0771, -4.0772, -4.0772, -4.0772, -4.588, -4.588, -4.588, -4.588, -4.588, -4.588, -4.588, -4.588, -4.588, -4.588, -4.588, -4.588, -4.588, -4.588, -4.588, -4.588, -4.588, -4.588, -4.5881, -4.5881, -4.5881, -4.5881, -4.5881, -3.288, -4.0764, -4.0768, -3.4923, -3.7429, -4.0787, -4.0818, -4.0853, -4.588, -4.588, -4.588], "loglift": [30.0, 29.0, 28.0, 27.0, 26.0, 25.0, 24.0, 23.0, 22.0, 21.0, 20.0, 19.0, 18.0, 17.0, 16.0, 15.0, 14.0, 13.0, 12.0, 11.0, 10.0, 9.0, 8.0, 7.0, 6.0, 5.0, 4.0, 3.0, 2.0, 1.0, 0.2809, 0.2809, 0.2716, 0.2704, 0.2582, 0.2582, 0.2377, 0.2377, 0.2377, 0.2376, 0.2376, 0.2376, 0.2376, 0.2016, 0.2016, 0.2016, 0.2016, 0.2016, 0.2016, 0.2016, 0.2016, 0.2016, 0.2016, 0.2016, 0.2016, 0.2016, 0.1471, 0.1223, 0.1223, 0.1223, 0.0717, 0.0051, -0.036, -0.0624, -0.1989, -0.0186, -0.0186, -0.0186, 1.0744, 1.0093, 1.0092, 1.0092, 1.0092, 1.0092, 1.0092, 0.872, 0.872, 0.872, 0.872, 0.872, 0.872, 0.872, 0.872, 0.872, 0.872, 0.872, 0.8719, 0.8719, 0.8719, 0.8719, 0.8719, 0.8719, 0.8719, 0.8719, 0.8719, 0.8719, 0.8718, 0.8718, 0.7626, 0.6447, 0.6441, 0.1419, 0.0854, 0.3749, -0.013, -0.5102, 0.3767, 0.3767, 0.3767]}, "token.table": {"Topic": [2, 1, 1, 2, 2, 1, 1, 2, 1, 2, 2, 2, 1, 2, 1, 1, 1, 1, 2, 1, 1, 2, 2, 1, 2, 2, 1, 2, 1, 2, 2, 1, 2, 1, 2, 1, 1, 2, 2, 1, 2, 1, 1, 2, 1, 1, 1, 2, 1, 2, 1, 2, 2, 1, 2, 1, 2, 1, 2, 2, 2, 1, 2, 2, 1, 1, 1, 2, 1, 2, 2, 2, 2, 2, 2, 2, 1, 1, 2, 1, 1, 1, 1, 1, 2, 2, 2, 1, 1, 2],