Topic,Word,Probability
0,brush,0.059233256
0,going,0.032448757
1,let,0.03732829
1,get,0.030430814
